{
    "BZWPNLR": 82232.0,
    "lbfns": 3981.466036394904,
    "VHUR": 241986.0,
    "oeryg": 409840.85849020677
}